clients,mean_latency,p95_latency,dropped,throughput_fps
1,28.72326870103196,32.6173000066774,19,2.7331799713368112
5,43.05162992393278,61.97927001048809,95,13.146816048590289
10,82.8822675574738,111.36585999629459,190,23.842709637245964
20,291.03747591625574,450.1930150028781,380,31.64130626838236
50,1023.5547041984227,1308.971925001242,950,36.49278142502656
