clients,mean_latency,p95_latency,dropped,throughput_fps
1,19.268767174621264,28.577400007634424,19,2.6886455573438974
5,11.651297709869064,15.170779987238348,95,13.614916693967555
10,15.786932977356322,25.84635498787975,190,26.588485100271832
20,31.316435610853716,53.480534996197086,380,49.42786286586988
50,82.83455384744133,175.45595499832376,950,105.7292028757153
